{
    "EUR-USD": 1.0553,
    "EUR-EUR": 1,
    "EUR-BGN": 1.9558,
    "EUR-JPY": 159.631,
    "EUR-AUD": 1.6256,
    "EUR-CAD": 1.4815,
    "EUR-GBP": 0.8337,
    "EUR-EGP": 52.1503,
    "EUR-CNY": 7.6458,
    "EUR-CHF": 0.9311,
    "AUD-USD": 0.6491,
    "AUD-EUR": 0.6152,
    "AUD-BGN": 1.2032,
    "AUD-JPY": 98.2621,
    "AUD-AUD": 1,
    "AUD-CAD": 0.9113,
    "AUD-GBP": 0.513,
    "AUD-EGP": 32.1902,
    "AUD-CNY": 4.7039,
    "AUD-CHF": 0.573,
    "JPY-USD": 0.00661,
    "JPY-EUR": 0.006264,
    "JPY-BGN": 0.01225,
    "JPY-JPY": 1,
    "JPY-AUD": 0.01018,
    "JPY-CAD": 0.009282,
    "JPY-GBP": 0.005222,
    "JPY-EGP": 0.328,
    "JPY-CNY": 0.04788,
    "JPY-CHF": 0.005832,
    "CAD-USD": 0.7125,
    "CAD-EUR": 0.675,
    "CAD-BGN": 1.3202,
    "CAD-JPY": 107.7335,
    "CAD-AUD": 1.0973,
    "CAD-CAD": 1,
    "CAD-GBP": 0.5628,
    "CAD-EGP": 35.2996,
    "CAD-CNY": 5.1626,
    "CAD-CHF": 0.6286,
    "USD-USD": 1,
    "USD-EUR": 0.9476,
    "USD-BGN": 1.8537,
    "USD-JPY": 151.2959,
    "USD-AUD": 1.5404,
    "USD-CAD": 1.4036,
    "USD-GBP": 0.7901,
    "USD-EGP": 49.6547,
    "USD-CNY": 7.249,
    "USD-CHF": 0.882,
    "BGN-USD": 0.5394,
    "BGN-EUR": 0.5113,
    "BGN-BGN": 1,
    "BGN-JPY": 81.6058,
    "BGN-AUD": 0.8311,
    "BGN-CAD": 0.7575,
    "BGN-GBP": 0.4263,
    "BGN-EGP": 26.664,
    "BGN-CNY": 3.9085,
    "BGN-CHF": 0.476,
    "EGP-USD": 0.02014,
    "EGP-EUR": 0.01915,
    "EGP-BGN": 0.0375,
    "EGP-JPY": 3.0484,
    "EGP-AUD": 0.03101,
    "EGP-CAD": 0.02827,
    "EGP-GBP": 0.01597,
    "EGP-EGP": 1,
    "EGP-CNY": 0.1459,
    "EGP-CHF": 0.01777,
    "CNY-USD": 0.138,
    "CNY-EUR": 0.1308,
    "CNY-BGN": 0.2559,
    "CNY-JPY": 20.885,
    "CNY-AUD": 0.2126,
    "CNY-CAD": 0.1937,
    "CNY-GBP": 0.1091,
    "CNY-EGP": 6.8435,
    "CNY-CNY": 1,
    "CNY-CHF": 0.1217,
    "GBP-USD": 1.2659,
    "GBP-EUR": 1.1994,
    "GBP-BGN": 2.3456,
    "GBP-JPY": 191.4917,
    "GBP-AUD": 1.9493,
    "GBP-CAD": 1.7769,
    "GBP-GBP": 1,
    "GBP-EGP": 62.6318,
    "GBP-CNY": 9.1695,
    "GBP-CHF": 1.1167,
    "CHF-USD": 1.1338,
    "CHF-EUR": 1.074,
    "CHF-BGN": 2.1007,
    "CHF-JPY": 171.4741,
    "CHF-AUD": 1.7451,
    "CHF-CAD": 1.5909,
    "CHF-GBP": 0.8955,
    "CHF-EGP": 56.2368,
    "CHF-CNY": 8.2144,
    "CHF-CHF": 1
  }
  